"","zipcode","n_rats","borough","neighborhood","n_rest","rest_to_rat","rat_to_rest","score_avg","score_to_rat","rat_to_score","population","rat_per_cap","tax_rating","rat_to_tax"
"1","10001",791,"Manhattan","Chelsea and Clinton",4048,5.11757269279393,0.195405138339921,19.578557312253,0.0247516527335689,40.4013425189896,25026,0.0316071285862703,3.48525641025641,226.956041934891
"2","10002",2235,"Manhattan","Lower East Side",4501,2.01387024608501,0.496556320817596,21.826038658076,0.0097655653951123,102.400625006362,74363,0.030055269421621,2.40366748166259,929.829111992676
"3","10003",1304,"Manhattan","Lower East Side",5570,4.27147239263804,0.23411131059246,20.705565529623,0.0158785011730238,62.9782363652129,54671,0.0238517678476706,3.92783505154639,331.989501312336
"4","10004",85,"Manhattan","Lower Manhattan",1101,12.9529411764706,0.0772025431425976,20.6866485013624,0.243372335310146,4.10893045310854,3310,0.0256797583081571,4.26222222222222,19.9426485922836
"5","10005",69,"Manhattan","Lower Manhattan",502,7.27536231884058,0.137450199203187,24.8386454183267,0.359980368381546,2.77792926457615,8664,0.00796398891966759,4.1520979020979,16.6181052631579
"6","10006",159,"Manhattan","Lower Manhattan",340,2.13836477987421,0.467647058823529,19.0823529411765,0.120014798372179,8.33230579531443,3260,0.0487730061349693,4.10683760683761,38.7159209157128
"7","10007",364,"Manhattan","Lower Manhattan",1226,3.36813186813187,0.296900489396411,19.8409461663948,0.0545080938637219,18.3458992805755,7566,0.0481099656357388,4.48022598870056,81.2459016393443
"8","10009",2190,"Manhattan","Lower East Side",2470,1.12785388127854,0.88663967611336,21.8441295546559,0.0099744883811214,100.255768696136,58267,0.0375855973363997,3.01063144329897,727.422150882825
"9","10010",530,"Manhattan","Gramercy Park and Murray Hill",1934,3.64905660377358,0.274043433298862,19.3578076525336,0.0365241653821389,27.3791335007212,34763,0.0152460949860484,3.98025909932141,133.157160570366
"10","10011",1275,"Manhattan","Chelsea and Clinton",3499,2.7443137254902,0.364389825664476,19.4592740783081,0.0152621757476926,65.5214575255552,50228,0.0253842478298957,4.03119461183977,316.283415406261
"11","10012",927,"Manhattan","Greenwich Village and Soho",3878,4.18338727076591,0.239040742650851,20.0095410005157,0.0215852653727246,46.3278992744565,23034,0.0402448554311019,3.82233502538071,242.521912350598
"12","10013",1200,"Manhattan","Greenwich Village and Soho",5212,4.34333333333333,0.230237912509593,24.9503069838833,0.0207919224865695,48.0956006182665,28657,0.0418745856160798,3.57222222222222,335.92534992224
"13","10014",1287,"Manhattan","Greenwich Village and Soho",3607,2.8026418026418,0.356806210146937,19.3105073468256,0.0150042792127627,66.647653367407,29071,0.0442709229128685,4.15717539863326,309.585205479452
"14","10016",851,"Manhattan","Gramercy Park and Murray Hill",3622,4.25616921269095,0.23495306460519,21.495306460519,0.0252588795070729,39.5900380189067,52912,0.0160833081342607,3.86772655007949,220.025896086814
"15","10017",149,"Manhattan","Gramercy Park and Murray Hill",2464,16.5369127516779,0.0604707792207792,18.8019480519481,0.126187570818443,7.92471075807287,16065,0.00927482103952692,4.05377276669558,36.7558836114677
"16","10018",249,"Manhattan","Chelsea and Clinton",3080,12.3694779116466,0.0808441558441558,19.5149350649351,0.0783732331925103,12.7594582903537,8135,0.0306084818684696,3.68253968253968,67.6163793103448
"17","10019",842,"Manhattan","Chelsea and Clinton",5011,5.95130641330166,0.168030333266813,19.2137297944522,0.0228191565254777,43.8228292480266,45521,0.0184969574482107,3.75540958268934,224.209898137668
"18","10020",4,"Manhattan","Chelsea and Clinton",168,42,0.0238095238095238,11.202380952381,2.80059523809524,0.357066950053135,NA,NA,NA,NA
"19","10021",751,"Manhattan","Upper East Side",1323,1.76165113182423,0.567649281934996,20.8548752834467,0.0277694744120462,36.010764379689,42253,0.0177738858779258,4.17432432432432,179.909355778569
"20","10022",545,"Manhattan","Gramercy Park and Murray Hill",3419,6.27339449541284,0.159403334308277,19.4515940333431,0.0356909982263176,28.0182693030599,31574,0.0172610375625515,4.21129707112971,129.413810233482
"21","10023",1572,"Manhattan","Upper West Side",1567,0.996819338422392,1.00319081046586,19.914486279515,0.0126682482694116,78.9375120169198,62228,0.0252619399627177,4.0717746820109,386.072443287467
"22","10024",2929,"Manhattan","Upper West Side",1683,0.574598839194264,1.74034462269756,19.3368983957219,0.00660187722626218,151.472068584071,60714,0.0482425799650822,4.00554977454041,731.235452026325
"23","10025",5555,"Manhattan","Upper West Side",2267,0.408100810081008,2.45037494486105,22.4838994265549,0.00404750664744463,247.065684408781,92162,0.0602742996028732,3.3512832263978,1657.57401709402
"24","10026",2990,"Manhattan","Central Harlem",619,0.207023411371237,4.83037156704362,24.5476575121163,0.00820991890037335,121.803882856203,38937,0.0767907132033798,2.6133704735376,1144.11639309316
"25","10027",3239,"Manhattan","Central Harlem",1468,0.453226304414943,2.20640326975477,20.9693460490463,0.0064740185393783,154.46356755352,64728,0.050040168087999,2.52749719416386,1281.50488454707
"26","10028",1427,"Manhattan","Upper East Side",1840,1.28941836019622,0.77554347826087,21.6179347826087,0.0151492184881631,66.010005782236,47962,0.029752720904049,4.03161397670549,353.952538175815
"27","10029",2337,"Manhattan","East Harlem",1844,0.789045785194694,1.2673535791757,22.7055314533623,0.00971567456284221,102.926461104875,74617,0.0313199404961336,2.19470314318976,1064.83649383371
"28","10030",1693,"Manhattan","Central Harlem",225,0.132900177200236,7.52444444444444,22.6222222222222,0.0133622104088731,74.8379174852652,30996,0.0546199509614144,2.17144959529065,779.663503896984
"29","10031",2789,"Manhattan","Inwood and Washington Heights",1199,0.429903191107924,2.32610508757298,18.7606338615513,0.0067266525140019,148.662354405619,60280,0.0462674187126742,2.21486154924641,1259.22092103181
"30","10032",1907,"Manhattan","Inwood and Washington Heights",1190,0.624016780283167,1.60252100840336,24.5949579831933,0.0128971987326656,77.536217028837,59527,0.0320358828766778,2.14930555555556,887.263327948304
"31","10033",1724,"Manhattan","Inwood and Washington Heights",1299,0.753480278422274,1.32717474980754,21.6358737490377,0.0125498107593026,79.6824764276819,58648,0.0293957168189879,2.27348170501697,758.308279409325
"32","10034",1503,"Manhattan","Inwood and Washington Heights",1048,0.697272122421823,1.43416030534351,20.8148854961832,0.0138488925456974,72.2079398551389,41933,0.0358428922328476,2.28324873096447,658.272565584704
"33","10035",1555,"Manhattan","East Harlem",644,0.414147909967846,2.41459627329193,23.1413043478261,0.0148818677477981,67.1958666040395,36999,0.0420281629233223,2.25567813108371,689.371403912543
"34","10036",904,"Manhattan","Chelsea and Clinton",4544,5.02654867256637,0.198943661971831,19.0506161971831,0.0210736904836096,47.4525333271723,28231,0.0320215366086926,3.49056603773585,258.983783783784
"35","10037",729,"Manhattan","Central Harlem",230,0.315500685871056,3.1695652173913,24.3869565217391,0.0334526152561579,29.8930290604386,19177,0.0380142879491057,2.4557564224548,296.853545137544
"36","10038",571,"Manhattan","Lower Manhattan",1568,2.74605954465849,0.364158163265306,21.8424744897959,0.0382530201222345,26.141726765745,24205,0.0235901673208015,3.38242677824268,168.813706086096
"37","10039",785,"Manhattan","Central Harlem",249,0.317197452229299,3.15261044176707,20.2690763052209,0.0258204793697081,38.7289478898355,27090,0.0289774824658546,2.14435302916978,366.077781653296
"38","10040",1103,"Manhattan","Inwood and Washington Heights",803,0.728014505893019,1.37359900373599,23.2216687422167,0.0210531901561348,47.4987397436585,45197,0.0244042746199969,2.27272727272727,485.32
"39","10041",2,NA,NA,30,15,0.0666666666666667,26.5333333333333,13.2666666666667,0.0753768844221105,NA,NA,NA,NA
"40","10044",15,"Manhattan","Upper East Side",63,4.2,0.238095238095238,13.3650793650794,0.891005291005291,1.12232779097387,12770,0.00117462803445576,3.25112107623318,4.61379310344828
"41","10048",1,NA,NA,4,4,0.25,10.25,10.25,0.0975609756097561,NA,NA,NA,NA
"42","10065",431,"Manhattan","Upper East Side",1388,3.22041763341067,0.310518731988473,20.1152737752161,0.0466711688520096,21.4265042979943,NA,NA,4.08976063829787,105.38514062754
"43","10069",49,NA,NA,13,0.26530612244898,3.76923076923077,16.7692307692308,0.342229199372057,2.92201834862385,6504,0.00753382533825338,4.39297124600639,11.1541818181818
"44","10075",724,"Manhattan","Upper East Side",866,1.19613259668508,0.836027713625866,22.9942263279446,0.0317599811159455,31.4861648169537,NA,NA,4.07976366322009,177.461259956553
"45","10111",1,NA,NA,44,44,0.0227272727272727,19.6136363636364,19.6136363636364,0.0509849362688297,NA,NA,NA,NA
"46","10112",2,NA,NA,70,35,0.0285714285714286,12.1571428571429,6.07857142857143,0.164512338425382,NA,NA,NA,NA
"47","10118",1,NA,NA,41,41,0.024390243902439,11.4390243902439,11.4390243902439,0.0874200426439232,NA,NA,NA,NA
"48","10119",1,NA,NA,57,57,0.0175438596491228,11.1052631578947,11.1052631578947,0.0900473933649289,NA,NA,NA,NA
"49","10121",1,NA,NA,447,447,0.00223713646532438,9.91275167785235,9.91275167785235,0.100880162491537,NA,NA,NA,NA
"50","10128",1984,"Manhattan","Upper East Side",1279,0.644657258064516,1.5512118842846,21.9491790461298,0.0110630942772832,90.3906244434154,57993,0.034211025468591,3.90656887755102,507.86254183332
"51","10151",1,NA,NA,3,3,0.333333333333333,4.66666666666667,4.66666666666667,0.214285714285714,NA,NA,NA,NA
"52","10271",1,NA,NA,19,19,0.0526315789473684,14.3157894736842,14.3157894736842,0.0698529411764706,NA,NA,NA,NA
"53","10280",33,"Manhattan","Lower Manhattan",173,5.24242424242424,0.190751445086705,20.0404624277457,0.607286740234717,1.6466685895587,9372,0.00352112676056338,4.38995215311005,7.51716621253406
"54","10282",32,NA,NA,110,3.4375,0.290909090909091,17.1818181818182,0.536931818181818,1.86243386243386,6086,0.00525796910943148,4.83663366336634,6.61617195496418
"55","10301",881,"Staten Island","Stapleton and St. George",887,1.00681044267877,0.993235625704622,20.7012401352875,0.0234974348868189,42.5578368369459,38001,0.0231836004315676,2.73231773667029,322.436877737953
"56","10302",533,"Staten Island","Port Richmond",568,1.0656660412758,0.938380281690141,19.6038732394366,0.0367802499801813,27.188504714863,17942,0.0297068331289711,2.46604215456674,216.135802469136
"57","10303",590,"Staten Island","Port Richmond",318,0.538983050847458,1.85534591194969,18.125786163522,0.0307216714635966,32.5503122831367,27164,0.0217199234280666,2.32128829536528,254.169204737733
"58","10304",725,"Staten Island","Stapleton and St. George",409,0.564137931034483,1.77261613691932,18.3765281173594,0.0253469353342888,39.4525013304949,42133,0.017207414615622,2.51955577015934,287.749137600613
"59","10305",743,"Staten Island","Stapleton and St. George",746,1.00403768506057,0.99597855227882,17.3994638069705,0.0234178516917503,42.7024653312789,42968,0.0172919381865574,2.68669314796425,276.548142672334
"60","10306",1078,"Staten Island","South Shore",944,0.87569573283859,1.14194915254237,19.0847457627119,0.0177038457910129,56.4849023090586,54318,0.0198460915350344,2.92930728241563,368.005093378608
"61","10307",166,"Staten Island","South Shore",218,1.31325301204819,0.761467889908257,14.7798165137615,0.0890350392395269,11.2315332091868,15053,0.0110277021191789,3.23903177004539,51.2498832321345
"62","10308",494,"Staten Island","South Shore",363,0.734817813765182,1.36088154269972,16.9256198347107,0.034262388329374,29.1865234375,28901,0.0170928341579876,3.1334300217549,157.654709557973
"63","10309",393,"Staten Island","South Shore",576,1.46564885496183,0.682291666666667,15.9427083333333,0.0405666878710772,24.6507677229663,33896,0.011594288411612,3.20943762120233,122.451359516616
"64","10310",730,"Staten Island","Port Richmond",481,0.658904109589041,1.51767151767152,16.6029106029106,0.0227437131546721,43.9681943400952,24168,0.0302052300562728,2.68474576271186,271.906565656566
"65","10312",993,"Staten Island","South Shore",620,0.624370594159114,1.60161290322581,17.2870967741935,0.0174089594906279,57.441686881881,61114,0.0162483228065582,3.16421895861148,313.821518987342
"66","10314",1228,"Staten Island","Mid-Island",1401,1.14087947882736,0.876516773733048,18.2526766595289,0.0148637432080854,67.2778038479587,89938,0.0136538504302964,2.92767900048054,419.444891259746
"67","10451",1528,"Bronx","High Bridge and Morrisania",1289,0.843586387434555,1.18541505042669,18.3529868114818,0.0120111170232211,83.2562032379422,49423,0.0309167796370111,1.95823195458232,780.295713398219
"68","10452",2113,"Bronx","High Bridge and Morrisania",938,0.443918599148131,2.25266524520256,22.3304904051173,0.0105681450095207,94.6239854864891,74379,0.0284085561784912,1.78934689507495,1180.87778608826
"69","10453",2354,"Bronx","Central Bronx",901,0.382752761257434,2.6126526082131,23.8146503884573,0.010116673911834,98.8467166891923,78858,0.0298511248066144,1.74703149199794,1347.42848699764
"70","10454",1142,"Bronx","Hunts Point and Mott Haven",877,0.767950963222417,1.30216647662486,20.4572405929304,0.0179135206593086,55.8237556434981,37807,0.0302060464993255,1.79023168440827,637.906260930395
"71","10455",1585,"Bronx","Hunts Point and Mott Haven",1031,0.650473186119874,1.53734238603298,21.0649854510184,0.0132902116410211,75.2433465328299,40300,0.0393300248138958,1.8203335126412,870.719562647754
"72","10456",3197,"Bronx","High Bridge and Morrisania",768,0.24022521113544,4.16276041666667,22.2825520833333,0.00696983174330101,143.475486472273,90479,0.0353341659390577,1.75048262548263,1826.35346015991
"73","10457",2805,"Bronx","Central Bronx",839,0.299108734402852,3.34326579261025,21.1609058402861,0.00754399495197364,132.555762081784,74679,0.037560760053027,1.76308054085832,1590.96532177392
"74","10458",2827,"Bronx","Bronx Park and Fordham",1803,0.637778563848603,1.56794231835829,19.465335551858,0.00688550956910436,145.232533622065,85893,0.0329130429720699,1.83371233655486,1541.68128972252
"75","10459",1948,"Bronx","Hunts Point and Mott Haven",696,0.357289527720739,2.79885057471264,17.933908045977,0.00920631829875617,108.621054318218,48391,0.0402554193961687,1.82644252612449,1066.55422885572
"76","10460",1734,"Bronx","Central Bronx",583,0.336216839677047,2.97427101200686,19.3430531732419,0.0111551633063679,89.6445863261506,57514,0.0301491810689571,1.82030955077388,952.585234342596
"77","10461",671,"Bronx","Southeast Bronx",1368,2.03874813710879,0.490497076023392,19.6959064327485,0.0293530647283883,34.0679928741093,51081,0.013135999686772,2.50805152979066,267.538362760835
"78","10462",1859,"Bronx","Southeast Bronx",1233,0.663259817105971,1.50770478507705,19.9756690997567,0.0107453841311225,93.063215590743,75441,0.0246417730411845,2.26922119930331,819.223793859649
"79","10463",1670,"Bronx","Kingsbridge and Riverdale",1171,0.701197604790419,1.42613151152861,21.1434671221178,0.0126607587557592,78.9842077628337,70236,0.023776980465858,2.67451322290032,624.412691513637
"80","10464",97,"Bronx","Southeast Bronx",353,3.63917525773196,0.274787535410765,16.8555240793201,0.173768289477527,5.75478991596639,4322,0.0224433132808885,3.15596330275229,30.7354651162791
"81","10465",529,"Bronx","Southeast Bronx",630,1.19092627599244,0.83968253968254,18.7428571428571,0.0354307318390494,28.2240853658537,45066,0.0117383393245462,2.7573673870334,191.849661560385
"82","10466",1003,"Bronx","Northeast Bronx",887,0.884346959122632,1.13077790304397,20.6944757609921,0.0206325780269114,48.4670407496187,74519,0.0134596545847368,2.16476247745039,463.330277777778
"83","10467",3273,"Bronx","Bronx Park and Fordham",1241,0.379162847540483,2.63738920225624,18.8759065269944,0.00576715750901141,173.395645677695,100867,0.0324486700308327,2.01625135427952,1623.30951101558
"84","10468",2335,"Bronx","Bronx Park and Fordham",1040,0.445396145610278,2.24519230769231,21.1461538461538,0.0090561686707297,110.421971626046,78778,0.0296402548934982,1.86745334796926,1250.36590742101
"85","10469",1223,"Bronx","Northeast Bronx",764,0.624693376941946,1.60078534031414,21.3586387434555,0.017464136339702,57.2602034563059,72550,0.0168573397656788,2.34625788999098,521.255572636433
"86","10470",493,"Bronx","Northeast Bronx",420,0.851926977687627,1.17380952380952,19.4357142857143,0.0394233555491162,25.3656743844175,15500,0.0318064516129032,2.52752880921895,195.052178318136
"87","10471",352,"Bronx","Kingsbridge and Riverdale",430,1.22159090909091,0.818604651162791,18.153488372093,0.0515724101479915,19.3902126569306,22577,0.0155910882756788,3.36763236763237,104.524473450015
"88","10472",2336,"Bronx","Southeast Bronx",1048,0.448630136986301,2.22900763358779,19.3139312977099,0.00826795004182788,120.948964972086,67989,0.0343584991689832,1.88447034624614,1239.60560305621
"89","10473",689,"Bronx","Southeast Bronx",261,0.378809869375907,2.63984674329502,21.72030651341,0.031524392617431,31.7214676309755,59627,0.0115551679608231,2.16112266112266,318.815776815777
"90","10474",728,"Bronx","Hunts Point and Mott Haven",280,0.384615384615385,2.6,20.5714285714286,0.0282574568288854,35.3888888888889,11579,0.0628724414889023,1.81854043392505,400.321041214751
"91","10475",112,"Bronx","Northeast Bronx",531,4.74107142857143,0.210922787193974,17.4067796610169,0.155417675544794,6.43427458617332,43791,0.00255760316046676,2.4888500218627,45.0007027406887
"92","11001",86,NA,NA,43,0.5,2,19.6511627906977,0.228501892915089,4.37633136094674,26542,0.00324014769045287,3.20238095238095,26.8550185873606
"93","11004",55,"Queens","Southeast Queens",206,3.74545454545455,0.266990291262136,16.247572815534,0.295410414827891,3.38512100388408,15297,0.00359547623717069,2.95614035087719,18.6053412462908
"94","11040",12,NA,NA,150,12.5,0.08,20.6066666666667,1.71722222222222,0.58233581365254,41523,0.000288996459793368,3.35632708999543,3.57533687219273
"95","11101",1154,"Queens","Northwest Queens",2553,2.21230502599653,0.45201723462593,21.3728946337642,0.0185207059218061,53.9936222853477,32537,0.0354673141346774,3.23294219904389,356.950396558677
"96","11102",553,"Queens","Northwest Queens",735,1.32911392405063,0.752380952380952,19.2625850340136,0.0348328843291385,28.7085040259924,28359,0.0194999823689129,2.72062663185379,203.261996161228
"97","11103",856,"Queens","Northwest Queens",2090,2.44158878504673,0.409569377990431,18.3578947368421,0.0214461387112641,46.6284403669725,35419,0.0241678195318897,2.65967820575329,321.843446379468
"98","11104",510,"Queens","Northwest Queens",1184,2.32156862745098,0.430743243243243,21.9873310810811,0.0431124138844727,23.1951753543579,25037,0.0203698526181252,2.74357239512855,185.889025893958
"99","11105",860,"Queens","Northwest Queens",1151,1.33837209302326,0.747176368375326,18.0625543006082,0.0210029701169862,47.6123136123136,37452,0.0229627256221297,2.75563524590164,312.087748652166
"100","11106",645,"Queens","Northwest Queens",1548,2.4,0.416666666666667,20.1369509043928,0.0312200789215392,32.0306685486975,37094,0.0173882568609479,2.72040534315983,237.097019979682
"101","11109",16,NA,NA,68,4.25,0.235294117647059,21.3970588235294,1.33731617647059,0.747766323024055,6127,0.00261139219846581,4.43108504398827,3.61085373924553
"102","11201",1533,"Brooklyn","Northwest Brooklyn",3620,2.36138290932811,0.423480662983425,21.1497237569061,0.0137962972973947,72.4832162169222,64798,0.0236581375968394,3.90518783542039,392.55474118186
"103","11203",1868,"Brooklyn","Flatbush",1168,0.625267665952891,1.59931506849315,24.2097602739726,0.012960257105981,77.158963114899,77589,0.0240755777236464,2.26030655391121,826.436571963054
"104","11204",563,"Brooklyn","Borough Park",1380,2.45115452930728,0.407971014492754,23.0434782608696,0.0409298015290756,24.4320754716981,75840,0.00742352320675106,2.20900794818958,254.865538379531
"105","11205",2181,"Brooklyn","Northwest Brooklyn",1477,0.677212287941311,1.47664184157075,20.2261340555179,0.00927378911302978,107.830789315124,47866,0.0455647014582376,2.73876698014629,796.34376192293
"106","11206",2931,"Brooklyn","Bushwick and Williamsburg",1455,0.496417604912999,2.01443298969072,18.1587628865979,0.00619541551913952,161.409674122857,87599,0.0334592860649094,2.22406209573092,1317.85888785482
"107","11207",3319,"Brooklyn","East New York and New Lots",1328,0.400120518228382,2.49924698795181,20.6596385542169,0.00622465759391891,160.651406910628,90867,0.0365259114970231,2.02550214398556,1638.60601671309
"108","11208",1949,"Brooklyn","East New York and New Lots",1238,0.635197537198563,1.57431340872375,21.0993537964459,0.0108257330920707,92.3724972244554,102626,0.018991288757235,1.94226125137212,1003.46953769639
"109","11209",913,"Brooklyn","Southwest Brooklyn",2439,2.67141292442497,0.374333743337433,20.4710947109471,0.0224217904829651,44.5994712491738,68368,0.0133542007956939,2.91909196740396,312.768494516451
"110","11210",727,"Brooklyn","Flatbush",840,1.15543328748281,0.86547619047619,22.2761904761905,0.0306412523744023,32.6357417699872,62423,0.011646348301107,2.51117129316181,289.506335939606
"111","11211",2743,"Brooklyn","Greenpoint",3217,1.17280349981772,0.852657755672987,19.9884986011812,0.00728709391220606,137.228916224748,104561,0.0262334904983694,2.9535175879397,928.723096554658
"112","11212",1833,"Brooklyn","Central Brooklyn",1097,0.598472449536279,1.67092069279854,24.6235186873291,0.013433452639023,74.4410262105731,74037,0.024757891324608,1.93641767898682,946.593299519487
"113","11213",2772,"Brooklyn","Central Brooklyn",1140,0.411255411255411,2.43157894736842,23.4377192982456,0.0084551656920078,118.270893371758,67382,0.0411385830043632,2.19820717131474,1261.02763932941
"114","11214",909,"Brooklyn","Southwest Brooklyn",2086,2.29482948294829,0.435762224352828,25.7957813998082,0.028378197359525,35.2383200148671,90372,0.0100584251759394,2.22680412371134,408.208333333333
"115","11215",3132,"Brooklyn","Northwest Brooklyn",2833,0.904533844189017,1.10554182845041,20.20367102012,0.00645072510220946,155.021332354945,69995,0.0447460532895207,3.69434194341943,847.782919926752
"116","11216",5365,"Brooklyn","Central Brooklyn",1700,0.316868592730662,3.15588235294118,21.3517647058824,0.00397982566745244,251.267287453854,59567,0.0900666476404721,2.62002008704386,2047.69422438027
"117","11217",2597,"Brooklyn","Northwest Brooklyn",2206,0.849441663457836,1.17724388032638,17.9777878513146,0.00692252131355972,144.456037721576,42461,0.0611620074892254,3.54895275207014,731.765166071919
"118","11218",1195,"Brooklyn","Borough Park",1515,1.26778242677824,0.788778877887789,24.8,0.0207531380753138,48.1854838709677,73280,0.0163073144104804,2.60604229607251,458.549733364248
"119","11219",982,"Brooklyn","Borough Park",1149,1.17006109979633,0.854656222802437,24.9677980852916,0.0254254562986676,39.3306609035137,87812,0.0111829818248075,1.93389633080955,507.783165185966
"120","11220",1327,"Brooklyn","Sunset Park",3992,3.00828937452901,0.332414829659319,23.4165831663327,0.0176462570959553,56.6692412199532,90657,0.0146375900371731,1.74730674730675,759.45451595457
"121","11221",5813,"Brooklyn","Bushwick and Williamsburg",1253,0.215551350421469,4.63926576217079,20.1723862729449,0.00347021955495354,288.166205095743,85582,0.0679231614124465,2.2819726285984,2547.35746044876
"122","11222",2000,"Brooklyn","Greenpoint",1915,0.9575,1.0443864229765,17.6261096605744,0.00881305483028721,113.468033418262,36710,0.0544810678289294,3.19068162208801,626.825310978908
"123","11223",826,"Brooklyn","Southern Brooklyn",1568,1.89830508474576,0.526785714285714,22.7257653061224,0.0275130330582596,36.346410731324,80500,0.0102608695652174,2.31492537313433,356.814958091554
"124","11224",605,"Brooklyn","Southern Brooklyn",726,1.2,0.833333333333333,24.1432506887052,0.0399061994854632,25.0587631218622,45587,0.013271327352096,2.20910455227614,273.866621376812
"125","11225",2284,"Brooklyn","Flatbush",1430,0.626094570928196,1.5972027972028,23.6727272727273,0.0103645916255373,96.4823348694317,56072,0.0407333428449137,2.46833387463462,925.32052631579
"126","11226",3442,"Brooklyn","Flatbush",1963,0.570307960488088,1.75343861436577,21.109526235354,0.00613292453089891,163.054346252232,96332,0.035730598347382,2.25994694960212,1523.04460093897
"127","11228",404,"Brooklyn","Southwest Brooklyn",555,1.37376237623762,0.727927927927928,20.8522522522523,0.0516144857729016,19.3744059448717,43878,0.00920734764574502,2.52901023890785,159.74628879892
"128","11229",540,"Brooklyn","Southern Brooklyn",1220,2.25925925925926,0.442622950819672,20.5237704918033,0.0380069823922283,26.3109549103399,81909,0.00659268212284364,2.57226666666667,209.931577856106
"129","11230",989,"Brooklyn","Borough Park",869,0.878665318503539,1.13808975834292,20.3601841196778,0.0205866371280867,48.5751992313344,87188,0.0113433041244208,2.48703956343793,397.661546900713
"130","11231",1137,"Brooklyn","Northwest Brooklyn",1413,1.24274406332454,0.804670912951168,20.0686482661005,0.0176505261795079,56.6555347885884,37796,0.030082548417822,3.4672514619883,327.925451172204
"131","11232",575,"Brooklyn","Sunset Park",1066,1.85391304347826,0.539399624765478,21.1585365853659,0.0367974549310711,27.1757925072046,26501,0.0216972944417192,2.25669291338583,254.797627355199
"132","11233",3825,"Brooklyn","Central Brooklyn",710,0.18562091503268,5.38732394366197,21.5943661971831,0.00564558593390408,177.12953300287,79796,0.047934733570605,2.22178988326848,1721.58493870403
"133","11234",906,"Brooklyn","Canarsie and Flatlands",1338,1.47682119205298,0.677130044843049,20.8355754857997,0.0229973239357613,43.4833201807877,90372,0.0100252290532466,2.75785797438882,328.515829463909
"134","11235",1532,"Brooklyn","Southern Brooklyn",1490,0.972584856396867,1.02818791946309,23.1154362416107,0.0150884048574483,66.2760583009117,76921,0.0199165377465192,2.49475786320519,614.087652591555
"135","11236",1050,"Brooklyn","Canarsie and Flatlands",1228,1.16952380952381,0.855048859934853,22.2768729641694,0.0212160694896851,47.1340839303992,98821,0.0106252719563655,2.34153341533415,448.424093853966
"136","11237",3336,"Brooklyn","Bushwick and Williamsburg",2180,0.65347721822542,1.5302752293578,19.6311926605505,0.00588465007810266,169.933638657819,46772,0.0713247241939622,2.20283215326947,1514.41406693137
"137","11238",5160,"Brooklyn","Central Brooklyn",2389,0.462984496124031,2.1598995395563,22.8359146086229,0.00442556484663234,225.959857025021,55102,0.093644513810751,3.26961707470182,1578.16645867332
"138","11239",52,"Brooklyn","Canarsie and Flatlands",111,2.13461538461538,0.468468468468468,13.972972972973,0.268711018711019,3.72147001934236,12832,0.00405236907730673,2.19765929778934,23.6615384615385
"139","11354",436,"Queens","North Queens",3916,8.98165137614679,0.111338100102145,22.1284473953013,0.0507533197139939,19.703144654088,52351,0.0083283986934347,1.9843798812871,219.715994962217
"140","11355",567,"Queens","North Queens",2148,3.78835978835979,0.263966480446927,25.1862197392924,0.0444201406336726,22.5123105360444,81358,0.0069691978662209,1.69129038352541,335.246983914209
"141","11356",168,"Queens","North Queens",491,2.92261904761905,0.342158859470468,20.5030549898167,0.122041993987004,8.1939008642098,24178,0.00694846554719166,2.14851485148515,78.1935483870968
"142","11357",563,"Queens","North Queens",552,0.980461811722913,1.01992753623188,17.3315217391304,0.0307842304425052,32.4841643148322,40118,0.0140336008774116,2.95541401273885,190.497844827586
"143","11358",259,"Queens","North Queens",1329,5.13127413127413,0.194883370955606,19.9766741911211,0.0771300161819349,12.9651210968398,36665,0.00706395745261148,2.48345035105316,104.290387722132
"144","11360",70,"Queens","North Queens",154,2.2,0.454545454545455,14.5324675324675,0.20760667903525,4.81680071492404,18892,0.00370527207283506,3.25519287833828,21.5041020966272
"145","11361",302,"Queens","Northeast Queens",1324,4.3841059602649,0.22809667673716,17.9932024169184,0.0595801404533723,16.7841161902363,28531,0.0105849777435071,2.76267605633803,109.314300280398
"146","11362",67,"Queens","Northeast Queens",445,6.64179104477612,0.150561797752809,19.0112359550562,0.283749790373973,3.524231678487,18694,0.00358403765914197,3.07726763717805,21.7725618631732
"147","11363",31,"Queens","Northeast Queens",120,3.87096774193548,0.258333333333333,18.825,0.607258064516129,1.64674634794157,6834,0.00453614281533509,3.25287356321839,9.53003533568905
"148","11364",104,"Queens","Northeast Queens",442,4.25,0.235294117647059,17.8484162895928,0.17161938739993,5.82684750919001,35866,0.00289968215022584,2.81917808219178,36.8901846452867
"149","11365",169,"Queens","Central Queens",586,3.46745562130178,0.28839590443686,20.7337883959044,0.122685138437304,8.15094650205761,43730,0.00386462382803567,2.4952723998199,67.7280765066763
"150","11366",81,"Queens","Central Queens",523,6.45679012345679,0.154875717017208,23.7246653919694,0.292897103604561,3.41416827852998,14109,0.00574101637252817,2.74449339207048,29.5136436597111
"151","11367",264,"Queens","Central Queens",447,1.69318181818182,0.590604026845638,20.2237136465324,0.076604975933835,13.053982300885,40141,0.00657681672105827,2.43675169182717,108.340952787866
"152","11368",1196,"Queens","West Queens",2710,2.26588628762542,0.441328413284133,23.1147601476015,0.0193267225314394,51.7418304305487,108661,0.0110067089388097,1.87445346658339,638.052649116961
"153","11369",381,"Queens","West Queens",613,1.60892388451444,0.621533442088091,18.4257748776509,0.0483616138521021,20.6775564409031,30693,0.0124132538363796,2.10813823857302,180.728186144897
"154","11370",332,"Queens","West Queens",220,0.662650602409639,1.50909090909091,19.1545454545455,0.0576944140197152,17.3327005220693,29366,0.0113055915003746,2.31540697674419,143.387319522913
"155","11371",1,NA,NA,56,56,0.0178571428571429,8.58928571428571,8.58928571428571,0.116424116424116,NA,NA,NA,NA
"156","11372",919,"Queens","West Queens",3622,3.94124047878128,0.25372722252899,22.9538928768636,0.0249770325101889,40.0367817750995,63107,0.0145625683363177,2.35672853828306,389.947329559439
"157","11373",1119,"Queens","West Queens",2629,2.34941912421805,0.425637124381894,23.130087485736,0.020670319468933,48.3785459389235,96495,0.0115964557749106,2.01662754303599,554.886797943544
"158","11374",650,"Queens","West Central Queens",779,1.19846153846154,0.834403080872914,18.8600770218228,0.0290155031104967,34.464334331609,43173,0.0150557061126167,2.75276595744681,236.126140052558
"159","11375",540,"Queens","West Central Queens",2071,3.83518518518519,0.260743602124577,19.9773056494447,0.0369950104619347,27.0306721775071,72615,0.00743648006610205,3.31087202718007,163.099025141098
"160","11377",1931,"Queens","West Queens",2221,1.15018125323666,0.869428185502026,20.97748761819,0.0108635357939876,92.0510613637827,82021,0.023542751246632,2.27621145374449,848.339461970195
"161","11378",768,"Queens","West Queens",654,0.8515625,1.1743119266055,17.0183486238532,0.0221593081039755,45.1277628032345,39033,0.0196756590577204,2.5612073784237,299.858577040594
"162","11379",805,"Queens","West Central Queens",396,0.491925465838509,2.03282828282828,21.9621212121212,0.0272821381517034,36.6540186271128,37780,0.0213075701429328,2.90038953811909,277.548925556408
"163","11385",3300,"Queens","West Central Queens",2267,0.686969696969697,1.45566828407587,19.9470666078518,0.00604456563874297,165.437859354268,105025,0.0314210902166151,2.42379706059996,1361.50012459507
"164","11411",151,"Queens","Southeast Queens",214,1.41721854304636,0.705607476635514,23.1448598130841,0.153277217305193,6.52412679184333,20473,0.00737556782103258,2.58126721763085,58.4983991462113
"165","11412",717,"Queens","Jamaica",326,0.454672245467225,2.19938650306748,16.7638036809816,0.023380479331913,42.7707227813358,37987,0.0188748782478216,2.37870416875942,301.424619932432
"166","11413",423,"Queens","Southeast Queens",512,1.21040189125296,0.826171875,25.173828125,0.0595125960401891,16.8031654899527,41810,0.0101171968428606,2.47833935018051,170.678805535324
"167","11414",328,"Queens","Southwest Queens",420,1.28048780487805,0.780952380952381,22.8071428571429,0.0695339721254355,14.3814594425305,27672,0.0118531367447239,2.96100073583517,110.773359840954
"168","11415",110,"Queens","Southwest Queens",368,3.34545454545455,0.298913043478261,22.0326086956522,0.200296442687747,4.99259990133202,18464,0.00595753899480069,2.884375,38.136511375948
"169","11416",364,"Queens","Southwest Queens",484,1.32967032967033,0.752066115702479,21.8884297520661,0.0601330487694124,16.6297904474231,26087,0.0139533100778165,2.06191950464396,176.534534534535
"170","11417",641,"Queens","Southwest Queens",735,1.14664586583463,0.872108843537415,22.5904761904762,0.0352425525592452,28.3747892074199,31156,0.0205738862498395,2.34235976789168,273.655656482246
"171","11418",488,"Queens","Southwest Queens",744,1.52459016393443,0.655913978494624,23.5551075268817,0.0482686629649216,20.7173751783167,37666,0.0129559815217968,2.22821350762527,219.009533121486
"172","11419",551,"Queens","Southwest Queens",1161,2.1070780399274,0.474590869939707,22.0818260120586,0.0400759092777832,24.9526465655108,47955,0.0114899384839954,2.02388535031847,272.248623131393
"173","11420",607,"Queens","Southwest Queens",773,1.27347611202636,0.785252263906856,19.2082794307891,0.0316446119123379,31.6009563577586,47266,0.0128422121609614,2.23613963039014,271.449954086318
"174","11421",295,"Queens","Southwest Queens",738,2.50169491525424,0.399728997289973,23.8929539295393,0.0809930641679298,12.3467362331991,39654,0.00743935038079387,2.21062709430349,133.446297098311
"175","11422",176,"Queens","Southeast Queens",344,1.95454545454545,0.511627906976744,18.4447674418605,0.104799815010571,9.54200157604413,32786,0.00536814493991338,2.47024160282852,71.2480916030534
"176","11423",280,"Queens","Jamaica",345,1.23214285714286,0.811594202898551,19.4028985507246,0.069296066252588,14.4308335823125,29532,0.00948124068806718,2.35650510204082,118.820027063599
"177","11426",180,"Queens","Southeast Queens",301,1.67222222222222,0.598006644518272,24.9202657807309,0.138445921004061,7.22303692840955,20222,0.00890119671644743,2.77003121748179,64.9812171299775
"178","11427",151,"Queens","Southeast Queens",171,1.13245033112583,0.883040935672515,17.1578947368421,0.113628441965842,8.80061349693251,25096,0.00601689512272872,2.65329991645781,56.9102644836272
"179","11428",106,"Queens","Southeast Queens",368,3.47169811320755,0.28804347826087,22.6766304347826,0.213930475799836,4.674415817855,19830,0.00534543620776601,2.43083003952569,43.6065040650406
"180","11429",318,"Queens","Southeast Queens",215,0.676100628930818,1.47906976744186,18.3906976744186,0.0578323826239579,17.2913505311077,27808,0.0114355581127733,2.33626373626374,136.114769520226
"181","11430",16,NA,NA,866,54.125,0.0184757505773672,13.8325635103926,0.864535219399538,1.15669087569914,220,0.0727272727272727,NA,NA
"182","11432",775,"Queens","Jamaica",1570,2.0258064516129,0.493630573248408,24.2834394904459,0.0313334703102527,31.9147540983607,64282,0.0120562521390125,2.27188940092166,341.125760649087
"183","11433",942,"Queens","Jamaica",218,0.231422505307856,4.32110091743119,17.8440366972477,0.0189427141159742,52.7907455012854,36929,0.0255084080262125,2.09878682842288,448.830718414533
"184","11434",724,"Queens","Jamaica",772,1.06629834254144,0.937823834196891,23.4209844559585,0.0323494260441416,30.9124495326586,62590,0.0115673430260425,2.32604197457878,311.2583555725
"185","11435",1004,"Queens","Jamaica",1191,1.18625498007968,0.842989084802687,20.6817800167926,0.0205993824868452,48.545144527444,59392,0.0169046336206897,2.27868852459016,440.604316546763
"186","11436",410,"Queens","Jamaica",159,0.38780487804878,2.57861635220126,19.8805031446541,0.0484890320601319,20.6232204998418,18955,0.0216301767343709,2.26673326673327,180.877038342882
"187","11691",500,"Queens","Rockaways",342,0.684,1.46198830409357,22.4912280701754,0.0449824561403509,22.2308892355694,68454,0.00730417506646799,2.13703860840051,233.968632122295
"188","11692",111,"Queens","Rockaways",57,0.513513513513513,1.94736842105263,10.5263157894737,0.0948316737790422,10.545,22394,0.00495668482629276,2.20775026910657,50.2774256460263
"189","11693",98,"Queens","Rockaways",205,2.09183673469388,0.478048780487805,15.9560975609756,0.162817322050772,6.14185264445124,13029,0.00752168240079822,2.53162393162393,38.7103308575287
"190","11694",179,"Queens","Rockaways",254,1.41899441340782,0.704724409448819,16.7047244094488,0.0933224827343509,10.7155314635871,21258,0.00842035939411045,3.13019079685746,57.1850125493008
"191","11697",4,"Queens","Rockaways",31,7.75,0.129032258064516,11.8064516129032,2.95161290322581,0.33879781420765,3527,0.00113410830734335,3.57438016528926,1.11907514450867
